{
  "RK4": {
    "A": [0, 0.5, 0.5, 1],
    "B": [
      [0,   0,   0, 0],
      [0.5, 0,   0, 0],
      [0,   0.5, 0, 0],
      [0,   0,   1, 0]
    ],
    "C": [0.166667, 0.333333, 0.333333, 0.166667]
  }
}